Run,Assay Type,AvgSpotLen,Bases,BioProject,BioSample,BioSampleModel,Bytes,Center Name,Collection_Date,Consent,DATASTORE filetype,DATASTORE provider,DATASTORE region,Experiment,geo_loc_name_country,geo_loc_name_country_continent,geo_loc_name,Host,Instrument,Isolate,Lat_Lon,Library Name,LibraryLayout,LibrarySelection,LibrarySource,Organism,Platform,ReleaseDate,create_date,version,Sample Name,SRA Study,collection_season,sample_condition,SampleCode
SRR7450706,AMPLICON,302,115867132,PRJNA477349,SAMN09463153,Metagenome or environmental,65277782,THE PENNSYLVANIA STATE UNIVERSITY,2016-07-13,public,"fastq,sra",s3,s3.us-east-1,SRX4321267,Tanzania,Africa,Tanzania: The Greater Serengeti Ecosystem,Connochaetes taurinus,Illumina MiSeq,Wildebeest_6,1.7898 S 34.7548 E,BMS48,PAIRED,PCR,GENOMIC,food metagenome,ILLUMINA,2018-09-30T00:00:00Z,2018-06-28T16:21:00Z,1,Bushmeat 34,SRP151593,,,S10
SRR7450707,AMPLICON,302,86597292,PRJNA477349,SAMN09463149,Metagenome or environmental,49685390,THE PENNSYLVANIA STATE UNIVERSITY,2016-07-17,public,"fastq,sra",s3,s3.us-east-1,SRX4321240,Tanzania,Africa,Tanzania: The Greater Serengeti Ecosystem,Connochaetes taurinus,Illumina MiSeq,Wildebeest_2,2.0509 S 33.963 E,BMS81,PAIRED,PCR,GENOMIC,food metagenome,ILLUMINA,2018-09-30T00:00:00Z,2018-06-28T16:21:00Z,1,Bushmeat 30,SRP151593,,,S11
SRR7450708,AMPLICON,302,71575510,PRJNA477349,SAMN09463128,Metagenome or environmental,40711005,THE PENNSYLVANIA STATE UNIVERSITY,2016-07-17,public,"fastq,sra",s3,s3.us-east-1,SRX4321230,Tanzania,Africa,Tanzania: The Greater Serengeti Ecosystem,Syncerus caffer,Illumina MiSeq,Buffalo_9,2.0209 S 34.4479 E,BMS89,PAIRED,PCR,GENOMIC,food metagenome,ILLUMINA,2018-09-30T00:00:00Z,2018-06-28T16:21:00Z,1,Bushmeat 9,SRP151593,,,S12
SRR7450709,AMPLICON,302,59185960,PRJNA477349,SAMN09463154,Metagenome or environmental,34507517,THE PENNSYLVANIA STATE UNIVERSITY,2016-07-17,public,"sra,fastq",s3,s3.us-east-1,SRX4321266,Tanzania,Africa,Tanzania: The Greater Serengeti Ecosystem,Connochaetes taurinus,Illumina MiSeq,Wildebeest_7,2.0028 S 34.563 E,BMS80,PAIRED,PCR,GENOMIC,food metagenome,ILLUMINA,2018-09-30T00:00:00Z,2018-06-28T16:21:00Z,1,Bushmeat 35,SRP151593,,,S13
SRR7450710,AMPLICON,302,44926426,PRJNA477349,SAMN09463172,Metagenome or environmental,26217173,THE PENNSYLVANIA STATE UNIVERSITY,2016-07-15,public,"fastq,sra",s3,s3.us-east-1,SRX4321228,Tanzania,Africa,Tanzania: The Greater Serengeti Ecosystem,Connochaetes taurinus,Illumina MiSeq,Wildebeest_25,2.0028 S 34.563 E,BMS77,PAIRED,PCR,GENOMIC,food metagenome,ILLUMINA,2018-09-30T00:00:00Z,2018-06-28T16:21:00Z,1,Bushmeat 53,SRP151593,,,S14
SRR7450711,AMPLICON,302,61221742,PRJNA477349,SAMN09463168,Metagenome or environmental,33946582,THE PENNSYLVANIA STATE UNIVERSITY,2016-07-15,public,"sra,fastq",s3,s3.us-east-1,SRX4321250,Tanzania,Africa,Tanzania: The Greater Serengeti Ecosystem,Connochaetes taurinus,Illumina MiSeq,Wildebeest_21,1.7898 S 34.7548 E,BMS20,PAIRED,PCR,GENOMIC,food metagenome,ILLUMINA,2018-09-30T00:00:00Z,2018-06-28T16:21:00Z,1,Bushmeat 49,SRP151593,,,S15
SRR7450712,AMPLICON,302,60371914,PRJNA477349,SAMN09463169,Metagenome or environmental,35080519,THE PENNSYLVANIA STATE UNIVERSITY,2016-07-13,public,"fastq,sra",s3,s3.us-east-1,SRX4321251,Tanzania,Africa,Tanzania: The Greater Serengeti Ecosystem,Connochaetes taurinus,Illumina MiSeq,Wildebeest_22,1.7898 S 34.7548 E,BMS27,PAIRED,PCR,GENOMIC,food metagenome,ILLUMINA,2018-09-30T00:00:00Z,2018-06-28T16:21:00Z,1,Bushmeat 50,SRP151593,,,S16
SRR7450713,AMPLICON,302,175239728,PRJNA477349,SAMN09463146,Metagenome or environmental,98929870,THE PENNSYLVANIA STATE UNIVERSITY,2016-07-18,public,"sra,fastq",s3,s3.us-east-1,SRX4321248,Tanzania,Africa,Tanzania: The Greater Serengeti Ecosystem,Damaliscus lunatus,Illumina MiSeq,Topi_2,1.9798 S 34.1463 E,BMS64,PAIRED,PCR,GENOMIC,food metagenome,ILLUMINA,2018-09-30T00:00:00Z,2018-06-28T16:21:00Z,1,Bushmeat 27,SRP151593,,,S17
SRR7450714,AMPLICON,302,58723900,PRJNA477349,SAMN09463156,Metagenome or environmental,34720497,THE PENNSYLVANIA STATE UNIVERSITY,2016-07-13,public,"sra,fastq",s3,s3.us-east-1,SRX4321264,Tanzania,Africa,Tanzania: The Greater Serengeti Ecosystem,Connochaetes taurinus,Illumina MiSeq,Wildebeest_9,1.8791 S 34.7836 E,BMS13,PAIRED,PCR,GENOMIC,food metagenome,ILLUMINA,2018-09-30T00:00:00Z,2018-06-28T16:21:00Z,1,Bushmeat 37,SRP151593,,,S18
SRR7450715,AMPLICON,302,63757334,PRJNA477349,SAMN09463171,Metagenome or environmental,37625583,THE PENNSYLVANIA STATE UNIVERSITY,2016-07-13,public,"sra,fastq",s3,s3.us-east-1,SRX4321225,Tanzania,Africa,Tanzania: The Greater Serengeti Ecosystem,Connochaetes taurinus,Illumina MiSeq,Wildebeest_24,2.0028 S 34.563 E,BMS71,PAIRED,PCR,GENOMIC,food metagenome,ILLUMINA,2018-09-30T00:00:00Z,2018-06-28T16:21:00Z,1,Bushmeat 52,SRP151593,,,S19
SRR7450716,AMPLICON,302,78246388,PRJNA477349,SAMN09463167,Metagenome or environmental,43892531,THE PENNSYLVANIA STATE UNIVERSITY,2016-07-16,public,"fastq,sra",s3,s3.us-east-1,SRX4321253,Tanzania,Africa,Tanzania: The Greater Serengeti Ecosystem,Connochaetes taurinus,Illumina MiSeq,Wildebeest_20,1.9939 S 34.5189 E,BMS54,PAIRED,PCR,GENOMIC,food metagenome,ILLUMINA,2018-09-30T00:00:00Z,2018-06-28T16:21:00Z,1,Bushmeat 48,SRP151593,,,S9
SRR7450717,AMPLICON,302,49529510,PRJNA477349,SAMN09463157,Metagenome or environmental,28134145,THE PENNSYLVANIA STATE UNIVERSITY,2016-07-13,public,"sra,fastq",s3,s3.us-east-1,SRX4321263,Tanzania,Africa,Tanzania: The Greater Serengeti Ecosystem,Connochaetes taurinus,Illumina MiSeq,Wildebeest_10,1.8791 S 34.7836 E,BMS16,PAIRED,PCR,GENOMIC,food metagenome,ILLUMINA,2018-09-30T00:00:00Z,2018-06-28T16:22:00Z,1,Bushmeat 38,SRP151593,,,S20
SRR7450718,AMPLICON,302,153909166,PRJNA477349,SAMN09463144,Metagenome or environmental,89284925,THE PENNSYLVANIA STATE UNIVERSITY,2016-07-14,public,"fastq,sra",s3,s3.us-east-1,SRX4321246,Tanzania,Africa,Tanzania: The Greater Serengeti Ecosystem,Ovis aries,Illumina MiSeq,Sheep,1.9986 S 34.3729 E,BMS42,PAIRED,PCR,GENOMIC,food metagenome,ILLUMINA,2018-09-30T00:00:00Z,2018-06-28T16:22:00Z,1,Bushmeat 25,SRP151593,,,S2
SRR7450719,AMPLICON,302,69999976,PRJNA477349,SAMN09463134,Metagenome or environmental,39588224,THE PENNSYLVANIA STATE UNIVERSITY,2016-07-17,public,"fastq,sra",s3,s3.us-east-1,SRX4321220,Tanzania,Africa,Tanzania: The Greater Serengeti Ecosystem,Syncerus caffer,Illumina MiSeq,Buffalo_15,2.0209 S 34.4479 E,BMS90,PAIRED,PCR,GENOMIC,food metagenome,ILLUMINA,2018-09-30T00:00:00Z,2018-06-28T16:21:00Z,1,Bushmeat 15,SRP151593,,,S22
SRR7450720,AMPLICON,302,51084810,PRJNA477349,SAMN09463173,Metagenome or environmental,29711066,THE PENNSYLVANIA STATE UNIVERSITY,2016-07-19,public,"fastq,sra",s3,s3.us-east-1,SRX4321227,Tanzania,Africa,Tanzania: The Greater Serengeti Ecosystem,Connochaetes taurinus,Illumina MiSeq,Wildebeest_26,2.0751 S 34.4984 E,BMS66,PAIRED,PCR,GENOMIC,food metagenome,ILLUMINA,2018-09-30T00:00:00Z,2018-06-28T16:21:00Z,1,Bushmeat 54,SRP151593,,,S21
SRR7450721,AMPLICON,302,44892300,PRJNA477349,SAMN09463141,Metagenome or environmental,25704311,THE PENNSYLVANIA STATE UNIVERSITY,2016-07-14,public,"fastq,sra",s3,s3.us-east-1,SRX4321243,Tanzania,Africa,Tanzania: The Greater Serengeti Ecosystem,Giraffa camelopardalis,Illumina MiSeq,Giraffe,2.0028 S 34.563 E,BMS72,PAIRED,PCR,GENOMIC,food metagenome,ILLUMINA,2018-09-30T00:00:00Z,2018-06-28T16:21:00Z,1,Bushmeat 22,SRP151593,,,S24
SRR7450722,AMPLICON,302,40833722,PRJNA477349,SAMN09463139,Metagenome or environmental,22806785,THE PENNSYLVANIA STATE UNIVERSITY,2016-07-14,public,"fastq,sra",s3,s3.us-east-1,SRX4321223,Tanzania,Africa,Tanzania: The Greater Serengeti Ecosystem,Tragelaphus oryx,Illumina MiSeq,Eland_4,2.0189 S 34.4164 E,BMS6,PAIRED,PCR,GENOMIC,food metagenome,ILLUMINA,2018-09-30T00:00:00Z,2018-06-28T16:21:00Z,1,Bushmeat 20,SRP151593,,,S23
SRR7450723,AMPLICON,302,88722164,PRJNA477349,SAMN09463174,Metagenome or environmental,49297705,THE PENNSYLVANIA STATE UNIVERSITY,2016-07-16,public,"sra,fastq",s3,s3.us-east-1,SRX4321241,Tanzania,Africa,Tanzania: The Greater Serengeti Ecosystem,Connochaetes taurinus,Illumina MiSeq,Wildebeest_27,1.9291 S 34.2791 E,BMS12,PAIRED,PCR,GENOMIC,food metagenome,ILLUMINA,2018-09-30T00:00:00Z,2018-06-28T16:22:00Z,1,Bushmeat 55,SRP151593,,,S26
SRR7450724,AMPLICON,302,77241936,PRJNA477349,SAMN09463138,Metagenome or environmental,44095694,THE PENNSYLVANIA STATE UNIVERSITY,2016-07-18,public,"fastq,sra",s3,s3.us-east-1,SRX4321224,Tanzania,Africa,Tanzania: The Greater Serengeti Ecosystem,Tragelaphus oryx,Illumina MiSeq,Eland_3,2.0471 S 34.467 E,BMS63,PAIRED,PCR,GENOMIC,food metagenome,ILLUMINA,2018-09-30T00:00:00Z,2018-06-28T16:22:00Z,1,Bushmeat 19,SRP151593,,,S25
SRR7450725,AMPLICON,302,63881758,PRJNA477349,SAMN09463155,Metagenome or environmental,36474048,THE PENNSYLVANIA STATE UNIVERSITY,2016-07-15,public,"fastq,sra",s3,s3.us-east-1,SRX4321265,Tanzania,Africa,Tanzania: The Greater Serengeti Ecosystem,Connochaetes taurinus,Illumina MiSeq,Wildebeest_8,2.0751 S 34.4984 E,BMS50,PAIRED,PCR,GENOMIC,food metagenome,ILLUMINA,2018-09-30T00:00:00Z,2018-06-28T16:22:00Z,1,Bushmeat 36,SRP151593,,,S3
SRR7450726,AMPLICON,302,60312118,PRJNA477349,SAMN09463137,Metagenome or environmental,33523173,THE PENNSYLVANIA STATE UNIVERSITY,2016-07-13,public,"fastq,sra",s3,s3.us-east-1,SRX4321221,Tanzania,Africa,Tanzania: The Greater Serengeti Ecosystem,Tragelaphus oryx,Illumina MiSeq,Eland_2,1.8791 S 34.7836 E,BMS15,PAIRED,PCR,GENOMIC,food metagenome,ILLUMINA,2018-09-30T00:00:00Z,2018-06-28T16:22:00Z,1,Bushmeat 18,SRP151593,,,S27
SRR7450727,AMPLICON,302,61298148,PRJNA477349,SAMN09463124,Metagenome or environmental,34814803,THE PENNSYLVANIA STATE UNIVERSITY,2017-03-23,public,"sra,fastq",s3,s3.us-east-1,SRX4321236,Tanzania,Africa,Tanzania: The Greater Serengeti Ecosystem,Syncerus caffer,Illumina MiSeq,Buffalo_5,2.0509 S 33.963 E,BMS841,PAIRED,PCR,GENOMIC,food metagenome,ILLUMINA,2018-09-30T00:00:00Z,2018-06-28T16:22:00Z,1,Bushmeat 5,SRP151593,,,841
SRR7450728,AMPLICON,302,19207804,PRJNA477349,SAMN09463127,Metagenome or environmental,11412714,THE PENNSYLVANIA STATE UNIVERSITY,2017-03-23,public,"sra,fastq",s3,s3.us-east-1,SRX4321237,Tanzania,Africa,Tanzania: The Greater Serengeti Ecosystem,Syncerus caffer,Illumina MiSeq,Buffalo_8,2.0509 S 33.963 E,BMS738,PAIRED,PCR,GENOMIC,food metagenome,ILLUMINA,2018-09-30T00:00:00Z,2018-06-28T16:21:00Z,1,Bushmeat 8,SRP151593,,,738
SRR7450729,AMPLICON,302,20184774,PRJNA477349,SAMN09463152,Metagenome or environmental,11711556,THE PENNSYLVANIA STATE UNIVERSITY,2017-03-23,public,"fastq,sra",s3,s3.us-east-1,SRX4321268,Tanzania,Africa,Tanzania: The Greater Serengeti Ecosystem,Connochaetes taurinus,Illumina MiSeq,Wildebeest_5,2.0509 S 33.963 E,BMS716,PAIRED,PCR,GENOMIC,food metagenome,ILLUMINA,2018-09-30T00:00:00Z,2018-06-28T16:21:00Z,1,Bushmeat 33,SRP151593,,,716
SRR7450730,AMPLICON,302,23115382,PRJNA477349,SAMN09463136,Metagenome or environmental,13259704,THE PENNSYLVANIA STATE UNIVERSITY,2017-03-23,public,"sra,fastq",s3,s3.us-east-1,SRX4321222,Tanzania,Africa,Tanzania: The Greater Serengeti Ecosystem,Tragelaphus oryx,Illumina MiSeq,Eland_1,2.0509 S 33.963 E,BMS710,PAIRED,PCR,GENOMIC,food metagenome,ILLUMINA,2018-09-30T00:00:00Z,2018-06-28T16:22:00Z,1,Bushmeat 17,SRP151593,,,710
SRR7450731,AMPLICON,302,21094398,PRJNA477349,SAMN09463123,Metagenome or environmental,11933105,THE PENNSYLVANIA STATE UNIVERSITY,2017-03-23,public,"fastq,sra",s3,s3.us-east-1,SRX4321233,Tanzania,Africa,Tanzania: The Greater Serengeti Ecosystem,Syncerus caffer,Illumina MiSeq,Buffalo_4,2.0509 S 33.963 E,BMS690,PAIRED,PCR,GENOMIC,food metagenome,ILLUMINA,2018-09-30T00:00:00Z,2018-06-28T16:22:00Z,1,Bushmeat 4,SRP151593,,,690
SRR7450732,AMPLICON,302,15595280,PRJNA477349,SAMN09463151,Metagenome or environmental,9388993,THE PENNSYLVANIA STATE UNIVERSITY,2017-03-23,public,"sra,fastq",s3,s3.us-east-1,SRX4321269,Tanzania,Africa,Tanzania: The Greater Serengeti Ecosystem,Connochaetes taurinus,Illumina MiSeq,Wildebeest_4,2.0509 S 33.963 E,BMS685,PAIRED,PCR,GENOMIC,food metagenome,ILLUMINA,2018-09-30T00:00:00Z,2018-06-28T16:21:00Z,1,Bushmeat 32,SRP151593,,,685
SRR7450733,AMPLICON,302,20505196,PRJNA477349,SAMN09463122,Metagenome or environmental,12015097,THE PENNSYLVANIA STATE UNIVERSITY,2017-03-23,public,"fastq,sra",s3,s3.us-east-1,SRX4321234,Tanzania,Africa,Tanzania: The Greater Serengeti Ecosystem,Syncerus caffer,Illumina MiSeq,Buffalo_3,2.0509 S 33.963 E,BMS684,PAIRED,PCR,GENOMIC,food metagenome,ILLUMINA,2018-09-30T00:00:00Z,2018-06-28T16:21:00Z,1,Bushmeat 3,SRP151593,,,684
SRR7450734,AMPLICON,302,23906320,PRJNA477349,SAMN09463150,Metagenome or environmental,14118357,THE PENNSYLVANIA STATE UNIVERSITY,2017-03-23,public,"fastq,sra",s3,s3.us-east-1,SRX4321270,Tanzania,Africa,Tanzania: The Greater Serengeti Ecosystem,Connochaetes taurinus,Illumina MiSeq,Wildebeest_3,2.0509 S 33.963 E,BMS678,PAIRED,PCR,GENOMIC,food metagenome,ILLUMINA,2018-09-30T00:00:00Z,2018-06-28T16:21:00Z,1,Bushmeat 31,SRP151593,,,678
SRR7450735,AMPLICON,302,65363068,PRJNA477349,SAMN09463145,Metagenome or environmental,38733415,THE PENNSYLVANIA STATE UNIVERSITY,2016-07-14,public,"fastq,sra",s3,s3.us-east-1,SRX4321247,Tanzania,Africa,Tanzania: The Greater Serengeti Ecosystem,Damaliscus lunatus,Illumina MiSeq,Topi_1,2.0509 S 33.963 E,BMS47,PAIRED,PCR,GENOMIC,food metagenome,ILLUMINA,2018-09-30T00:00:00Z,2018-06-28T16:22:00Z,1,Bushmeat 26,SRP151593,,,S8
SRR7450736,AMPLICON,302,66793340,PRJNA477349,SAMN09463148,Metagenome or environmental,38177131,THE PENNSYLVANIA STATE UNIVERSITY,2016-07-18,public,"sra,fastq",s3,s3.us-east-1,SRX4321239,Tanzania,Africa,Tanzania: The Greater Serengeti Ecosystem,Connochaetes taurinus,Illumina MiSeq,Wildebeest_1,1.8791 S 34.7836 E,BMS82,PAIRED,PCR,GENOMIC,food metagenome,ILLUMINA,2018-09-30T00:00:00Z,2018-06-28T16:22:00Z,1,Bushmeat 29,SRP151593,,,S1
SRR7450737,AMPLICON,302,25492122,PRJNA477349,SAMN09463164,Metagenome or environmental,15027599,THE PENNSYLVANIA STATE UNIVERSITY,2016-08-06,public,"sra,fastq",s3,s3.us-east-1,SRX4321254,Tanzania,Africa,Tanzania: The Greater Serengeti Ecosystem,Connochaetes taurinus,Illumina MiSeq,Wildebeest_17,1.98 S 34.146 E,BMS94,PAIRED,PCR,GENOMIC,food metagenome,ILLUMINA,2018-09-30T00:00:00Z,2018-06-28T16:22:00Z,1,Bushmeat 45,SRP151593,,,94
SRR7450738,AMPLICON,302,24654978,PRJNA477349,SAMN09463131,Metagenome or environmental,13732101,THE PENNSYLVANIA STATE UNIVERSITY,2016-09-18,public,"sra,fastq",s3,s3.us-east-1,SRX4321215,Tanzania,Africa,Tanzania: The Greater Serengeti Ecosystem,Syncerus caffer,Illumina MiSeq,Buffalo_12,2.0318 S 33.8599 E,BMS201,PAIRED,PCR,GENOMIC,food metagenome,ILLUMINA,2018-09-30T00:00:00Z,2018-06-28T16:22:00Z,1,Bushmeat 12,SRP151593,,,201
SRR7450739,AMPLICON,302,21442604,PRJNA477349,SAMN09463125,Metagenome or environmental,12492223,THE PENNSYLVANIA STATE UNIVERSITY,2016-09-21,public,"sra,fastq",s3,s3.us-east-1,SRX4321235,Tanzania,Africa,Tanzania: The Greater Serengeti Ecosystem,Syncerus caffer,Illumina MiSeq,Buffalo_6,2.0189 S 34.4164 E,BMS297,PAIRED,PCR,GENOMIC,food metagenome,ILLUMINA,2018-09-30T00:00:00Z,2018-06-28T16:22:00Z,1,Bushmeat 6,SRP151593,,,297
SRR7450740,AMPLICON,302,158521310,PRJNA477349,SAMN09463129,Metagenome or environmental,89470277,THE PENNSYLVANIA STATE UNIVERSITY,2016-09-18,public,"fastq,sra",s3,s3.us-east-1,SRX4321229,Tanzania,Africa,Tanzania: The Greater Serengeti Ecosystem,Syncerus caffer,Illumina MiSeq,Buffalo_10,2.0318 S 33.8599 E,BMS182,PAIRED,PCR,GENOMIC,food metagenome,ILLUMINA,2018-09-30T00:00:00Z,2018-06-28T16:22:00Z,1,Bushmeat 10,SRP151593,,,182
SRR7450741,AMPLICON,302,23877630,PRJNA477349,SAMN09463130,Metagenome or environmental,13338242,THE PENNSYLVANIA STATE UNIVERSITY,2016-09-18,public,"sra,fastq",s3,s3.us-east-1,SRX4321216,Tanzania,Africa,Tanzania: The Greater Serengeti Ecosystem,Syncerus caffer,Illumina MiSeq,Buffalo_11,2.0318 S 33.8599 E,BMS184,PAIRED,PCR,GENOMIC,food metagenome,ILLUMINA,2018-09-30T00:00:00Z,2018-06-28T16:22:00Z,1,Bushmeat 11,SRP151593,,,184
SRR7450742,AMPLICON,302,26635494,PRJNA477349,SAMN09463162,Metagenome or environmental,15941673,THE PENNSYLVANIA STATE UNIVERSITY,2016-08-29,public,"fastq,sra",s3,s3.us-east-1,SRX4321256,Tanzania,Africa,Tanzania: The Greater Serengeti Ecosystem,Connochaetes taurinus,Illumina MiSeq,Wildebeest_15,2.0318 S 33.8599 E,BMS158,PAIRED,PCR,GENOMIC,food metagenome,ILLUMINA,2018-09-30T00:00:00Z,2018-06-28T16:21:00Z,1,Bushmeat 43,SRP151593,,,158
SRR7450743,AMPLICON,302,33322378,PRJNA477349,SAMN09463163,Metagenome or environmental,18839295,THE PENNSYLVANIA STATE UNIVERSITY,2016-08-29,public,"fastq,sra",s3,s3.us-east-1,SRX4321257,Tanzania,Africa,Tanzania: The Greater Serengeti Ecosystem,Connochaetes taurinus,Illumina MiSeq,Wildebeest_16,1.4197 S 34.7475 E,BMS159,PAIRED,PCR,GENOMIC,food metagenome,ILLUMINA,2018-09-30T00:00:00Z,2018-06-28T16:22:00Z,1,Bushmeat 44,SRP151593,,,159
SRR7450744,AMPLICON,302,21569142,PRJNA477349,SAMN09463142,Metagenome or environmental,12141099,THE PENNSYLVANIA STATE UNIVERSITY,2016-08-14,public,"sra,fastq",s3,s3.us-east-1,SRX4321244,Tanzania,Africa,Tanzania: The Greater Serengeti Ecosystem,Hystrix cristata,Illumina MiSeq,Porcupine,2.0531 S 33.9437 E,BMS114,PAIRED,PCR,GENOMIC,food metagenome,ILLUMINA,2018-09-30T00:00:00Z,2018-06-28T16:22:00Z,1,Bushmeat 23,SRP151593,,,114
SRR7450745,AMPLICON,302,27058898,PRJNA477349,SAMN09463161,Metagenome or environmental,16263590,THE PENNSYLVANIA STATE UNIVERSITY,2016-08-29,public,"fastq,sra",s3,s3.us-east-1,SRX4321259,Tanzania,Africa,Tanzania: The Greater Serengeti Ecosystem,Connochaetes taurinus,Illumina MiSeq,Wildebeest_14,2.0318 S 33.8599 E,BMS150,PAIRED,PCR,GENOMIC,food metagenome,ILLUMINA,2018-09-30T00:00:00Z,2018-06-28T16:21:00Z,1,Bushmeat 42,SRP151593,,,150
SRR7450746,AMPLICON,302,8854338,PRJNA477349,SAMN09463126,Metagenome or environmental,5167347,THE PENNSYLVANIA STATE UNIVERSITY,2016-09-21,public,"sra,fastq",s3,s3.us-east-1,SRX4321238,Tanzania,Africa,Tanzania: The Greater Serengeti Ecosystem,Syncerus caffer,Illumina MiSeq,Buffalo_7,2.0189 S 34.4164 E,BMS298,PAIRED,PCR,GENOMIC,food metagenome,ILLUMINA,2018-09-30T00:00:00Z,2018-06-28T16:21:00Z,1,Bushmeat 7,SRP151593,,,298
SRR7450747,AMPLICON,302,13414236,PRJNA477349,SAMN09463158,Metagenome or environmental,7790446,THE PENNSYLVANIA STATE UNIVERSITY,2016-09-17,public,"sra,fastq",s3,s3.us-east-1,SRX4321262,Tanzania,Africa,Tanzania: The Greater Serengeti Ecosystem,Connochaetes taurinus,Illumina MiSeq,Wildebeest_11,1.5201 S 34.6631 E,BMS323,PAIRED,PCR,GENOMIC,food metagenome,ILLUMINA,2018-09-30T00:00:00Z,2018-06-28T16:22:00Z,1,Bushmeat 39,SRP151593,,,323
SRR7450748,AMPLICON,302,65480848,PRJNA477349,SAMN09463140,Metagenome or environmental,39425800,THE PENNSYLVANIA STATE UNIVERSITY,2016-07-19,public,"sra,fastq",s3,s3.us-east-1,SRX4321242,Tanzania,Africa,Tanzania: The Greater Serengeti Ecosystem,Eudorcas thomsonii,Illumina MiSeq,Gazelle,2.0509 S 33.963 E,BMS85,PAIRED,PCR,GENOMIC,food metagenome,ILLUMINA,2018-09-30T00:00:00Z,2018-06-28T16:22:00Z,1,Bushmeat 21,SRP151593,,,S6
SRR7450749,AMPLICON,302,101250936,PRJNA477349,SAMN09463121,Metagenome or environmental,58697339,THE PENNSYLVANIA STATE UNIVERSITY,2016-07-15,public,"sra,fastq",s3,s3.us-east-1,SRX4321231,Tanzania,Africa,Tanzania: The Greater Serengeti Ecosystem,Syncerus caffer,Illumina MiSeq,Buffalo_2,2.0509 S 33.963 E,BMS52,PAIRED,PCR,GENOMIC,food metagenome,ILLUMINA,2018-09-30T00:00:00Z,2018-06-28T16:22:00Z,1,Bushmeat 2,SRP151593,,,S7
SRR7450750,AMPLICON,302,111240492,PRJNA477349,SAMN09463120,Metagenome or environmental,66484997,THE PENNSYLVANIA STATE UNIVERSITY,2016-07-19,public,"sra,fastq",s3,s3.us-east-1,SRX4321232,Tanzania,Africa,Tanzania: The Greater Serengeti Ecosystem,Syncerus caffer,Illumina MiSeq,Buffalo_1,1.8791 S 34.7836 E,BMS84,PAIRED,PCR,GENOMIC,food metagenome,ILLUMINA,2018-09-30T00:00:00Z,2018-06-28T16:22:00Z,1,Bushmeat 1,SRP151593,,,S4
SRR7450751,AMPLICON,302,53742108,PRJNA477349,SAMN09463143,Metagenome or environmental,32969449,THE PENNSYLVANIA STATE UNIVERSITY,2016-07-14,public,"sra,fastq",s3,s3.us-east-1,SRX4321245,Tanzania,Africa,Tanzania: The Greater Serengeti Ecosystem,Lepus microtis,Illumina MiSeq,Rabbit,2.0509 S 33.963 E,BMS49,PAIRED,PCR,GENOMIC,food metagenome,ILLUMINA,2018-09-30T00:00:00Z,2018-06-28T16:22:00Z,1,Bushmeat 24,SRP151593,,,S5
SRR7450752,AMPLICON,302,10827304,PRJNA477349,SAMN09463133,Metagenome or environmental,6474287,THE PENNSYLVANIA STATE UNIVERSITY,2016-11-24,public,"fastq,sra",s3,s3.us-east-1,SRX4321217,Tanzania,Africa,Tanzania: The Greater Serengeti Ecosystem,Syncerus caffer,Illumina MiSeq,Buffalo_14,1.9871 S 34.105 E,BMS430,PAIRED,PCR,GENOMIC,food metagenome,ILLUMINA,2018-09-30T00:00:00Z,2018-06-28T16:22:00Z,1,Bushmeat 14,SRP151593,,,430
SRR7450753,AMPLICON,302,8055246,PRJNA477349,SAMN09463147,Metagenome or environmental,4715732,THE PENNSYLVANIA STATE UNIVERSITY,2017-03-11,public,"fastq,sra",s3,s3.us-east-1,SRX4321249,Tanzania,Africa,Tanzania: The Greater Serengeti Ecosystem,Phacochoerus africanus,Illumina MiSeq,Warthog,1.4451 S 34.7022 E,BMS596,PAIRED,PCR,GENOMIC,food metagenome,ILLUMINA,2018-09-30T00:00:00Z,2018-06-28T16:21:00Z,1,Bushmeat 28,SRP151593,,,596
SRR7450754,AMPLICON,302,22160760,PRJNA477349,SAMN09463165,Metagenome or environmental,13277760,THE PENNSYLVANIA STATE UNIVERSITY,2016-07-25,public,"fastq,sra",s3,s3.us-east-1,SRX4321255,Tanzania,Africa,Tanzania: The Greater Serengeti Ecosystem,Connochaetes taurinus,Illumina MiSeq,Wildebeest_18,1.9871 S 34.105 E,BMS422,PAIRED,PCR,GENOMIC,food metagenome,ILLUMINA,2018-09-30T00:00:00Z,2018-06-28T16:21:00Z,1,Bushmeat 46,SRP151593,,,422
SRR7450755,AMPLICON,302,10768716,PRJNA477349,SAMN09463166,Metagenome or environmental,6317700,THE PENNSYLVANIA STATE UNIVERSITY,2016-09-19,public,"fastq,sra",s3,s3.us-east-1,SRX4321252,Tanzania,Africa,Tanzania: The Greater Serengeti Ecosystem,Connochaetes taurinus,Illumina MiSeq,Wildebeest_19,1.9871 S 34.105 E,BMS428,PAIRED,PCR,GENOMIC,food metagenome,ILLUMINA,2018-09-30T00:00:00Z,2018-06-28T16:21:00Z,1,Bushmeat 47,SRP151593,,,428
SRR7450756,AMPLICON,302,21631354,PRJNA477349,SAMN09463135,Metagenome or environmental,13533427,THE PENNSYLVANIA STATE UNIVERSITY,2016-10-11,public,"fastq,sra",s3,s3.us-east-1,SRX4321219,Tanzania,Africa,Tanzania: The Greater Serengeti Ecosystem,Syncerus caffer,Illumina MiSeq,Buffalo_16,1.9986 S 34.3729 E,BMS395,PAIRED,PCR,GENOMIC,food metagenome,ILLUMINA,2018-09-30T00:00:00Z,2018-06-28T16:22:00Z,1,Bushmeat 16,SRP151593,,,395
SRR7450757,AMPLICON,302,16168476,PRJNA477349,SAMN09463170,Metagenome or environmental,9544750,THE PENNSYLVANIA STATE UNIVERSITY,2016-09-18,public,"sra,fastq",s3,s3.us-east-1,SRX4321226,Tanzania,Africa,Tanzania: The Greater Serengeti Ecosystem,Connochaetes taurinus,Illumina MiSeq,Wildebeest_23,1.7898 S 34.7548 E,BMS414,PAIRED,PCR,GENOMIC,food metagenome,ILLUMINA,2018-09-30T00:00:00Z,2018-06-28T16:21:00Z,1,Bushmeat 51,SRP151593,,,414
SRR7450758,AMPLICON,302,4163674,PRJNA477349,SAMN09463175,Metagenome or environmental,2511987,THE PENNSYLVANIA STATE UNIVERSITY,2016-12-04,public,"fastq,sra",s3,s3.us-east-1,SRX4321260,Tanzania,Africa,Tanzania: The Greater Serengeti Ecosystem,Equus burchellii quagga,Illumina MiSeq,Zebra,2.0318 S 33.8598 E,BMS350,PAIRED,PCR,GENOMIC,food metagenome,ILLUMINA,2018-09-30T00:00:00Z,2018-06-28T16:21:00Z,1,Bushmeat 56,SRP151593,,,350
SRR7450759,AMPLICON,302,18923018,PRJNA477349,SAMN09463132,Metagenome or environmental,10451025,THE PENNSYLVANIA STATE UNIVERSITY,2016-11-22,public,"fastq,sra",s3,s3.us-east-1,SRX4321218,Tanzania,Africa,Tanzania: The Greater Serengeti Ecosystem,Syncerus caffer,Illumina MiSeq,Buffalo_13,2.0318 S 33.8599 E,BMS361,PAIRED,PCR,GENOMIC,food metagenome,ILLUMINA,2018-09-30T00:00:00Z,2018-06-28T16:22:00Z,1,Bushmeat 13,SRP151593,,,361
SRR7450760,AMPLICON,302,23267590,PRJNA477349,SAMN09463159,Metagenome or environmental,12977429,THE PENNSYLVANIA STATE UNIVERSITY,2016-09-16,public,"fastq,sra",s3,s3.us-east-1,SRX4321261,Tanzania,Africa,Tanzania: The Greater Serengeti Ecosystem,Connochaetes taurinus,Illumina MiSeq,Wildebeest_12,1.5201 S 34.6631 E,BMS330,PAIRED,PCR,GENOMIC,food metagenome,ILLUMINA,2018-09-30T00:00:00Z,2018-06-28T16:22:00Z,1,Bushmeat 40,SRP151593,,,330
SRR7450761,AMPLICON,302,20684886,PRJNA477349,SAMN09463160,Metagenome or environmental,11867736,THE PENNSYLVANIA STATE UNIVERSITY,2016-09-04,public,"fastq,sra",s3,s3.us-east-1,SRX4321258,Tanzania,Africa,Tanzania: The Greater Serengeti Ecosystem,Connochaetes taurinus,Illumina MiSeq,Wildebeest_13,1.5201 S 34.6631 E,BMS334,PAIRED,PCR,GENOMIC,food metagenome,ILLUMINA,2018-09-30T00:00:00Z,2018-06-28T16:22:00Z,1,Bushmeat 41,SRP151593,,,334
SRR10245277,AMPLICON,600,189472596,PRJNA477349,SAMN12986738,Metagenome or environmental,128991305,THE PENNSYLVANIA STATE UNIVERSITY,2017-03-14,public,"sra,fastq",s3,s3.us-east-1,SRX6963922,Tanzania,Africa,Tanzania: The Greater Serengeti Ecosystem,Connochaetes taurinus,Illumina MiSeq,Wildebeest_3,2.1540 S 34.6857 E,A_Ser06,PAIRED,PCR,METAGENOMIC,food metagenome,ILLUMINA,2019-10-08T00:00:00Z,2019-10-08T12:33:00Z,1,A_Ser06,SRP151593,Rainy,Fresh,
SRR10245278,AMPLICON,600,260559853,PRJNA477349,SAMN12986737,Metagenome or environmental,182506551,THE PENNSYLVANIA STATE UNIVERSITY,2017-02-14,public,"sra,fastq",s3,s3.us-east-1,SRX6963921,Tanzania,Africa,Tanzania: The Greater Serengeti Ecosystem,Suidae,Illumina MiSeq,Pig_1,2.1540 S 34.6857 E,A_Ser05,PAIRED,PCR,METAGENOMIC,food metagenome,ILLUMINA,2019-10-08T00:00:00Z,2019-10-08T12:34:00Z,1,A_Ser05,SRP151593,Dry,Processed,
SRR10245279,AMPLICON,600,155298955,PRJNA477349,SAMN12986805,Metagenome or environmental,92553637,THE PENNSYLVANIA STATE UNIVERSITY,2017-12-17,public,"fastq,sra",s3,s3.us-east-1,SRX6963920,Tanzania,Africa,Tanzania: The Greater Serengeti Ecosystem,Tragelaphus oryx,Illumina MiSeq,Eland_1,2.1540 S 34.6857 E,C_Ser01,PAIRED,PCR,METAGENOMIC,food metagenome,ILLUMINA,2019-10-08T00:00:00Z,2019-10-08T12:34:00Z,1,C_Ser01,SRP151593,Rainy,Fresh,
SRR10245280,AMPLICON,600,155860473,PRJNA477349,SAMN12986804,Metagenome or environmental,108142573,THE PENNSYLVANIA STATE UNIVERSITY,2018-06-19,public,"sra,fastq",s3,s3.us-east-1,SRX6963919,Tanzania,Africa,Tanzania: Selous Ecosystem,Gazella,Illumina MiSeq,Gazelle_2,9.0000 S 37.5000 E,C_Sel19,PAIRED,PCR,METAGENOMIC,food metagenome,ILLUMINA,2019-10-08T00:00:00Z,2019-10-08T12:34:00Z,1,C_Sel19,SRP151593,Rainy,Fresh,
SRR10245281,AMPLICON,600,104723252,PRJNA477349,SAMN12986803,Metagenome or environmental,72596590,THE PENNSYLVANIA STATE UNIVERSITY,2018-02-10,public,"sra,fastq",s3,s3.us-east-1,SRX6963918,Tanzania,Africa,Tanzania: Selous Ecosystem,Madoqua,Illumina MiSeq,Dikdik_22,9.0000 S 37.5000 E,C_Sel18,PAIRED,PCR,METAGENOMIC,food metagenome,ILLUMINA,2019-10-08T00:00:00Z,2019-10-08T12:33:00Z,1,C_Sel18,SRP151593,Rainy,Fresh,
SRR10245282,AMPLICON,600,188127068,PRJNA477349,SAMN12986802,Metagenome or environmental,130706877,THE PENNSYLVANIA STATE UNIVERSITY,2017-11-06,public,"sra,fastq",s3,s3.us-east-1,SRX6963917,Tanzania,Africa,Tanzania: Selous Ecosystem,Equus burchellii quagga,Illumina MiSeq,Zebra_5,9.0000 S 37.5000 E,C_Sel17,PAIRED,PCR,METAGENOMIC,food metagenome,ILLUMINA,2019-10-08T00:00:00Z,2019-10-08T12:34:00Z,1,C_Sel17,SRP151593,Rainy,Fresh,
SRR10245283,AMPLICON,600,157420155,PRJNA477349,SAMN12986801,Metagenome or environmental,109818017,THE PENNSYLVANIA STATE UNIVERSITY,2018-02-04,public,"fastq,sra",s3,s3.us-east-1,SRX6963916,Tanzania,Africa,Tanzania: Selous Ecosystem,Syncerus caffer,Illumina MiSeq,Buffalo_4,9.0000 S 37.5000 E,C_Sel16,PAIRED,PCR,METAGENOMIC,food metagenome,ILLUMINA,2019-10-08T00:00:00Z,2019-10-08T12:34:00Z,1,C_Sel16,SRP151593,Rainy,Fresh,
SRR10245284,AMPLICON,600,121850039,PRJNA477349,SAMN12986800,Metagenome or environmental,84115126,THE PENNSYLVANIA STATE UNIVERSITY,2018-02-02,public,"fastq,sra",s3,s3.us-east-1,SRX6963915,Tanzania,Africa,Tanzania: Selous Ecosystem,Suidae,Illumina MiSeq,Pig_3,9.0000 S 37.5000 E,C_Sel15,PAIRED,PCR,METAGENOMIC,food metagenome,ILLUMINA,2019-10-08T00:00:00Z,2019-10-08T12:34:00Z,1,C_Sel15,SRP151593,Rainy,Fresh,
SRR10245285,AMPLICON,601,127687566,PRJNA477349,SAMN12986799,Metagenome or environmental,88685843,THE PENNSYLVANIA STATE UNIVERSITY,2018-01-05,public,"sra,fastq",s3,s3.us-east-1,SRX6963914,Tanzania,Africa,Tanzania: Selous Ecosystem,Equus burchellii quagga,Illumina MiSeq,Zebra_4,9.0000 S 37.5000 E,C_Sel14,PAIRED,PCR,METAGENOMIC,food metagenome,ILLUMINA,2019-10-08T00:00:00Z,2019-10-08T12:34:00Z,1,C_Sel14,SRP151593,Rainy,Fresh,
SRR10245286,AMPLICON,600,240451037,PRJNA477349,SAMN12986736,Metagenome or environmental,164502628,THE PENNSYLVANIA STATE UNIVERSITY,2018-07-20,public,"sra,fastq",s3,s3.us-east-1,SRX6963913,Tanzania,Africa,Tanzania: The Greater Serengeti Ecosystem,Connochaetes taurinus,Illumina MiSeq,Wildebeest_2,2.1540 S 34.6857 E,A_Ser04,PAIRED,PCR,METAGENOMIC,food metagenome,ILLUMINA,2019-10-08T00:00:00Z,2019-10-08T12:34:00Z,1,A_Ser04,SRP151593,Rainy,Fresh,
SRR10245287,AMPLICON,600,167070010,PRJNA477349,SAMN12986798,Metagenome or environmental,115405201,THE PENNSYLVANIA STATE UNIVERSITY,2018-01-30,public,"fastq,sra",s3,s3.us-east-1,SRX6963912,Tanzania,Africa,Tanzania: Selous Ecosystem,Hippopotamus amphibius,Illumina MiSeq,Hippo_2,9.0000 S 37.5000 E,C_Sel13,PAIRED,PCR,METAGENOMIC,food metagenome,ILLUMINA,2019-10-08T00:00:00Z,2019-10-08T12:34:00Z,1,C_Sel13,SRP151593,Rainy,Fresh,
SRR10245288,AMPLICON,600,127584597,PRJNA477349,SAMN12986797,Metagenome or environmental,90843175,THE PENNSYLVANIA STATE UNIVERSITY,2017-08-20,public,"fastq,sra",s3,s3.us-east-1,SRX6963911,Tanzania,Africa,Tanzania: Selous Ecosystem,Aepyceros melampus,Illumina MiSeq,Impala_8,9.0000 S 37.5000 E,C_Sel12,PAIRED,PCR,METAGENOMIC,food metagenome,ILLUMINA,2019-10-08T00:00:00Z,2019-10-08T12:34:00Z,1,C_Sel12,SRP151593,Dry,Fresh,
SRR10245289,AMPLICON,600,97312340,PRJNA477349,SAMN12986796,Metagenome or environmental,75030759,THE PENNSYLVANIA STATE UNIVERSITY,2017-08-18,public,"fastq,sra",s3,s3.us-east-1,SRX6963910,Tanzania,Africa,Tanzania: Selous Ecosystem,Aepyceros melampus,Illumina MiSeq,Impala_7,9.0000 S 37.5000 E,C_Sel11,PAIRED,PCR,METAGENOMIC,food metagenome,ILLUMINA,2019-10-08T00:00:00Z,2019-10-08T12:34:00Z,1,C_Sel11,SRP151593,Dry,Fresh,
SRR10245290,AMPLICON,600,255927054,PRJNA477349,SAMN12986795,Metagenome or environmental,176139681,THE PENNSYLVANIA STATE UNIVERSITY,2017-08-08,public,"fastq,sra",s3,s3.us-east-1,SRX6963909,Tanzania,Africa,Tanzania: Selous Ecosystem,Lepus,Illumina MiSeq,Hare_3,9.0000 S 37.5000 E,C_Sel10,PAIRED,PCR,METAGENOMIC,food metagenome,ILLUMINA,2019-10-08T00:00:00Z,2019-10-08T12:34:00Z,1,C_Sel10,SRP151593,Dry,Fresh,
SRR10245291,AMPLICON,599,162402714,PRJNA477349,SAMN12986794,Metagenome or environmental,98496967,THE PENNSYLVANIA STATE UNIVERSITY,2018-02-22,public,"sra,fastq",s3,s3.us-east-1,SRX6963908,Tanzania,Africa,Tanzania: Selous Ecosystem,Syncerus caffer,Illumina MiSeq,Buffalo_3,9.0000 S 37.5000 E,C_Sel09,PAIRED,PCR,METAGENOMIC,food metagenome,ILLUMINA,2019-10-08T00:00:00Z,2019-10-08T12:34:00Z,1,C_Sel09,SRP151593,Rainy,Fresh,
SRR10245292,AMPLICON,598,109734329,PRJNA477349,SAMN12986793,Metagenome or environmental,58379029,THE PENNSYLVANIA STATE UNIVERSITY,2018-02-21,public,"sra,fastq",s3,s3.us-east-1,SRX6963907,Tanzania,Africa,Tanzania: Selous Ecosystem,Thryonomys,Illumina MiSeq,Cane Rat_1,9.0000 S 37.5000 E,C_Sel08,PAIRED,PCR,METAGENOMIC,food metagenome,ILLUMINA,2019-10-08T00:00:00Z,2019-10-08T12:34:00Z,1,C_Sel08,SRP151593,Rainy,Fresh,
SRR10245293,AMPLICON,599,274398756,PRJNA477349,SAMN12986792,Metagenome or environmental,159601825,THE PENNSYLVANIA STATE UNIVERSITY,2018-01-05,public,"fastq,sra",s3,s3.us-east-1,SRX6963906,Tanzania,Africa,Tanzania: Selous Ecosystem,Suidae,Illumina MiSeq,Pig_2,9.0000 S 37.5000 E,C_Sel07,PAIRED,PCR,METAGENOMIC,food metagenome,ILLUMINA,2019-10-08T00:00:00Z,2019-10-08T12:34:00Z,1,C_Sel07,SRP151593,Rainy,Fresh,
SRR10245294,AMPLICON,600,382616209,PRJNA477349,SAMN12986791,Metagenome or environmental,215189335,THE PENNSYLVANIA STATE UNIVERSITY,2018-02-12,public,"fastq,sra",s3,s3.us-east-1,SRX6963905,Tanzania,Africa,Tanzania: Selous Ecosystem,Gazella,Illumina MiSeq,Gazelle_1,9.0000 S 37.5000 E,C_Sel06,PAIRED,PCR,METAGENOMIC,food metagenome,ILLUMINA,2019-10-08T00:00:00Z,2019-10-08T12:34:00Z,1,C_Sel06,SRP151593,Rainy,Fresh,
SRR10245295,AMPLICON,600,141324954,PRJNA477349,SAMN12986790,Metagenome or environmental,85546257,THE PENNSYLVANIA STATE UNIVERSITY,2017-11-06,public,"fastq,sra",s3,s3.us-east-1,SRX6963904,Tanzania,Africa,Tanzania: Selous Ecosystem,Equus burchellii quagga,Illumina MiSeq,Zebra_3,9.0000 S 37.5000 E,C_Sel05,PAIRED,PCR,METAGENOMIC,food metagenome,ILLUMINA,2019-10-08T00:00:00Z,2019-10-08T12:34:00Z,1,C_Sel05,SRP151593,Rainy,Fresh,
SRR10245296,AMPLICON,601,239466402,PRJNA477349,SAMN12986789,Metagenome or environmental,140140443,THE PENNSYLVANIA STATE UNIVERSITY,2017-09-02,public,"sra,fastq",s3,s3.us-east-1,SRX6963903,Tanzania,Africa,Tanzania: Selous Ecosystem,Bos,Illumina MiSeq,Cattle_9,9.0000 S 37.5000 E,C_Sel04,PAIRED,PCR,METAGENOMIC,food metagenome,ILLUMINA,2019-10-08T00:00:00Z,2019-10-08T12:34:00Z,1,C_Sel04,SRP151593,Dry,Fresh,
SRR10245297,AMPLICON,595,245407364,PRJNA477349,SAMN12986735,Metagenome or environmental,141473485,THE PENNSYLVANIA STATE UNIVERSITY,2017-03-07,public,"fastq,sra",s3,s3.us-east-1,SRX6963902,Tanzania,Africa,Tanzania: The Greater Serengeti Ecosystem,Connochaetes taurinus,Illumina MiSeq,Wildebeest_1,2.1540 S 34.6857 E,A_Ser03,PAIRED,PCR,METAGENOMIC,food metagenome,ILLUMINA,2019-10-08T00:00:00Z,2019-10-08T12:34:00Z,1,A_Ser03,SRP151593,Rainy,Fresh,
SRR10245298,AMPLICON,601,184179160,PRJNA477349,SAMN12986788,Metagenome or environmental,93824885,THE PENNSYLVANIA STATE UNIVERSITY,2017-07-20,public,"sra,fastq",s3,s3.us-east-1,SRX6963901,Tanzania,Africa,Tanzania: Selous Ecosystem,Aepyceros melampus,Illumina MiSeq,Impala_6,9.0000 S 37.5000 E,C_Sel03,PAIRED,PCR,METAGENOMIC,food metagenome,ILLUMINA,2019-10-08T00:00:00Z,2019-10-08T12:34:00Z,1,C_Sel03,SRP151593,Dry,Fresh,
SRR10245299,AMPLICON,600,134554045,PRJNA477349,SAMN12986787,Metagenome or environmental,74443603,THE PENNSYLVANIA STATE UNIVERSITY,2017-07-29,public,"fastq,sra",s3,s3.us-east-1,SRX6963900,Tanzania,Africa,Tanzania: Selous Ecosystem,Aepyceros melampus,Illumina MiSeq,Impala_5,9.0000 S 37.5000 E,C_Sel02,PAIRED,PCR,METAGENOMIC,food metagenome,ILLUMINA,2019-10-08T00:00:00Z,2019-10-08T12:34:00Z,1,C_Sel02,SRP151593,Dry,Fresh,
SRR10245300,AMPLICON,600,111840086,PRJNA477349,SAMN12986786,Metagenome or environmental,65312386,THE PENNSYLVANIA STATE UNIVERSITY,2017-07-29,public,"fastq,sra",s3,s3.us-east-1,SRX6963899,Tanzania,Africa,Tanzania: Selous Ecosystem,Aepyceros melampus,Illumina MiSeq,Impala_4,9.0000 S 37.5000 E,C_Sel01,PAIRED,PCR,METAGENOMIC,food metagenome,ILLUMINA,2019-10-08T00:00:00Z,2019-10-08T12:34:00Z,1,C_Sel01,SRP151593,Dry,Fresh,
SRR10245301,AMPLICON,600,127499705,PRJNA477349,SAMN12986785,Metagenome or environmental,68650933,THE PENNSYLVANIA STATE UNIVERSITY,2017-11-16,public,"sra,fastq",s3,s3.us-east-1,SRX6963898,Tanzania,Africa,Tanzania: Ruaha Ecosystem,Connochaetes taurinus,Illumina MiSeq,Wildebeest_16,7.3860 S 34.9563 E,C_R05,PAIRED,PCR,METAGENOMIC,food metagenome,ILLUMINA,2019-10-08T00:00:00Z,2019-10-08T12:34:00Z,1,C_R05,SRP151593,Rainy,Fresh,
SRR10245302,AMPLICON,600,115896404,PRJNA477349,SAMN12986784,Metagenome or environmental,66438640,THE PENNSYLVANIA STATE UNIVERSITY,2017-11-06,public,"fastq,sra",s3,s3.us-east-1,SRX6963897,Tanzania,Africa,Tanzania: Ruaha Ecosystem,Madoqua,Illumina MiSeq,Dikdik_21,7.3860 S 34.9563 E,C_R04,PAIRED,PCR,METAGENOMIC,food metagenome,ILLUMINA,2019-10-08T00:00:00Z,2019-10-08T12:34:00Z,1,C_R04,SRP151593,Rainy,Processed,
SRR10245303,AMPLICON,599,434919320,PRJNA477349,SAMN12986783,Metagenome or environmental,248822450,THE PENNSYLVANIA STATE UNIVERSITY,2017-09-12,public,"fastq,sra",s3,s3.us-east-1,SRX6963896,Tanzania,Africa,Tanzania: Ruaha Ecosystem,Madoqua,Illumina MiSeq,Dikdik_20,7.3860 S 34.9563 E,C_R03,PAIRED,PCR,METAGENOMIC,food metagenome,ILLUMINA,2019-10-08T00:00:00Z,2019-10-08T12:35:00Z,1,C_R03,SRP151593,Dry,Fresh,
SRR10245304,AMPLICON,600,195023816,PRJNA477349,SAMN12986782,Metagenome or environmental,112553458,THE PENNSYLVANIA STATE UNIVERSITY,2017-09-14,public,"sra,fastq",s3,s3.us-east-1,SRX6963895,Tanzania,Africa,Tanzania: Ruaha Ecosystem,Aepyceros melampus,Illumina MiSeq,Impala_3,7.3860 S 34.9563 E,C_R02,PAIRED,PCR,METAGENOMIC,food metagenome,ILLUMINA,2019-10-08T00:00:00Z,2019-10-08T12:34:00Z,1,C_R02,SRP151593,Dry,Fresh,
SRR10245305,AMPLICON,600,189897067,PRJNA477349,SAMN12986781,Metagenome or environmental,111676232,THE PENNSYLVANIA STATE UNIVERSITY,2017-02-02,public,"fastq,sra",s3,s3.us-east-1,SRX6963894,Tanzania,Africa,Tanzania: Ruaha Ecosystem,Madoqua,Illumina MiSeq,Dikdik_19,7.3860 S 34.9563 E,C_R01,PAIRED,PCR,METAGENOMIC,food metagenome,ILLUMINA,2019-10-08T00:00:00Z,2019-10-08T12:34:00Z,1,C_R01,SRP151593,Dry,Processed,
SRR10245306,AMPLICON,598,195305284,PRJNA477349,SAMN12986780,Metagenome or environmental,135502811,THE PENNSYLVANIA STATE UNIVERSITY,2017-03-23,public,"fastq,sra",s3,s3.us-east-1,SRX6963893,Tanzania,Africa,Tanzania: The Greater Serengeti Ecosystem,Connochaetes taurinus,Illumina MiSeq,Wildebeest_15,2.1540 S 34.6857 E,B_Ser06,PAIRED,PCR,METAGENOMIC,food metagenome,ILLUMINA,2019-10-08T00:00:00Z,2019-10-08T12:34:00Z,1,B_Ser06,SRP151593,Rainy,Fresh,
SRR10245307,AMPLICON,600,156614392,PRJNA477349,SAMN12986779,Metagenome or environmental,108429521,THE PENNSYLVANIA STATE UNIVERSITY,2017-12-03,public,"fastq,sra",s3,s3.us-east-1,SRX6963892,Tanzania,Africa,Tanzania: The Greater Serengeti Ecosystem,Damaliscus lunatus korrigum,Illumina MiSeq,Topi_1,2.1540 S 34.6857 E,B_Ser05,PAIRED,PCR,METAGENOMIC,food metagenome,ILLUMINA,2019-10-08T00:00:00Z,2019-10-08T12:34:00Z,1,B_Ser05,SRP151593,Rainy,Processed,
SRR10245308,AMPLICON,600,90065277,PRJNA477349,SAMN12986734,Metagenome or environmental,51005860,THE PENNSYLVANIA STATE UNIVERSITY,2018-01-15,public,"sra,fastq",s3,s3.us-east-1,SRX6963891,Tanzania,Africa,Tanzania: The Greater Serengeti Ecosystem,Equus burchellii quagga,Illumina MiSeq,Zebra_2,2.1540 S 34.6857 E,A_Ser02,PAIRED,PCR,METAGENOMIC,food metagenome,ILLUMINA,2019-10-08T00:00:00Z,2019-10-08T12:34:00Z,1,A_Ser02,SRP151593,Rainy,Processed,
SRR10245309,AMPLICON,599,131479699,PRJNA477349,SAMN12986778,Metagenome or environmental,74644028,THE PENNSYLVANIA STATE UNIVERSITY,2017-03-23,public,"sra,fastq",s3,s3.us-east-1,SRX6963890,Tanzania,Africa,Tanzania: The Greater Serengeti Ecosystem,Connochaetes taurinus,Illumina MiSeq,Wildebeest_14,2.1540 S 34.6857 E,B_Ser04,PAIRED,PCR,METAGENOMIC,food metagenome,ILLUMINA,2019-10-08T00:00:00Z,2019-10-08T12:34:00Z,1,B_Ser04,SRP151593,Rainy,Fresh,
SRR10245310,AMPLICON,599,106719398,PRJNA477349,SAMN12986777,Metagenome or environmental,56471824,THE PENNSYLVANIA STATE UNIVERSITY,2017-03-23,public,"sra,fastq",s3,s3.us-east-1,SRX6963889,Tanzania,Africa,Tanzania: The Greater Serengeti Ecosystem,Connochaetes taurinus,Illumina MiSeq,Wildebeest_13,2.1540 S 34.6857 E,B_Ser03,PAIRED,PCR,METAGENOMIC,food metagenome,ILLUMINA,2019-10-08T00:00:00Z,2019-10-08T12:34:00Z,1,B_Ser03,SRP151593,Rainy,Fresh,
SRR10245311,AMPLICON,586,224665559,PRJNA477349,SAMN12986776,Metagenome or environmental,136461287,THE PENNSYLVANIA STATE UNIVERSITY,2017-03-23,public,"sra,fastq",s3,s3.us-east-1,SRX6963888,Tanzania,Africa,Tanzania: The Greater Serengeti Ecosystem,Connochaetes taurinus,Illumina MiSeq,Wildebeest_12,2.1540 S 34.6857 E,B_Ser02,PAIRED,PCR,METAGENOMIC,food metagenome,ILLUMINA,2019-10-08T00:00:00Z,2019-10-08T12:35:00Z,1,B_Ser02,SRP151593,Rainy,Fresh,
SRR10245312,AMPLICON,600,157162277,PRJNA477349,SAMN12986775,Metagenome or environmental,85665688,THE PENNSYLVANIA STATE UNIVERSITY,2017-03-05,public,"fastq,sra",s3,s3.us-east-1,SRX6963887,Tanzania,Africa,Tanzania: The Greater Serengeti Ecosystem,Aepyceros melampus,Illumina MiSeq,Impala_2,2.1540 S 34.6857 E,B_Ser01,PAIRED,PCR,METAGENOMIC,food metagenome,ILLUMINA,2019-10-08T00:00:00Z,2019-10-08T12:35:00Z,1,B_Ser01,SRP151593,Rainy,Processed,
SRR10245313,AMPLICON,599,125197617,PRJNA477349,SAMN12986774,Metagenome or environmental,86236584,THE PENNSYLVANIA STATE UNIVERSITY,2018-05-23,public,"fastq,sra",s3,s3.us-east-1,SRX6963886,Tanzania,Africa,Tanzania: Selous Ecosystem,Lepus,Illumina MiSeq,Hare_2,9.0000 S 37.5000 E,B_Sel10,PAIRED,PCR,METAGENOMIC,food metagenome,ILLUMINA,2019-10-08T00:00:00Z,2019-10-08T12:34:00Z,1,B_Sel10,SRP151593,Rainy,Fresh,
SRR10245314,AMPLICON,600,45326993,PRJNA477349,SAMN12986773,Metagenome or environmental,30391868,THE PENNSYLVANIA STATE UNIVERSITY,2017-09-30,public,"fastq,sra",s3,s3.us-east-1,SRX6963885,Tanzania,Africa,Tanzania: Selous Ecosystem,Bos,Illumina MiSeq,Cattle_8,9.0000 S 37.5000 E,B_Sel09,PAIRED,PCR,METAGENOMIC,food metagenome,ILLUMINA,2019-10-08T00:00:00Z,2019-10-08T12:34:00Z,1,B_Sel09,SRP151593,Dry,Fresh,
SRR10245315,AMPLICON,600,188138265,PRJNA477349,SAMN12986772,Metagenome or environmental,128743986,THE PENNSYLVANIA STATE UNIVERSITY,2017-09-25,public,"fastq,sra",s3,s3.us-east-1,SRX6963884,Tanzania,Africa,Tanzania: Selous Ecosystem,Bos,Illumina MiSeq,Cattle_7,9.0000 S 37.5000 E,B_Sel08,PAIRED,PCR,METAGENOMIC,food metagenome,ILLUMINA,2019-10-08T00:00:00Z,2019-10-08T12:35:00Z,1,B_Sel08,SRP151593,Dry,Fresh,
SRR10245316,AMPLICON,600,162319872,PRJNA477349,SAMN12986771,Metagenome or environmental,110926481,THE PENNSYLVANIA STATE UNIVERSITY,2017-09-18,public,"sra,fastq",s3,s3.us-east-1,SRX6963883,Tanzania,Africa,Tanzania: Selous Ecosystem,Bos,Illumina MiSeq,Cattle_6,9.0000 S 37.5000 E,B_Sel07,PAIRED,PCR,METAGENOMIC,food metagenome,ILLUMINA,2019-10-08T00:00:00Z,2019-10-08T12:35:00Z,1,B_Sel07,SRP151593,Dry,Fresh,
SRR10245317,AMPLICON,600,187667769,PRJNA477349,SAMN12986770,Metagenome or environmental,127866352,THE PENNSYLVANIA STATE UNIVERSITY,2017-08-30,public,"fastq,sra",s3,s3.us-east-1,SRX6963882,Tanzania,Africa,Tanzania: Selous Ecosystem,Bos,Illumina MiSeq,Cattle_5,9.0000 S 37.5000 E,B_Sel06,PAIRED,PCR,METAGENOMIC,food metagenome,ILLUMINA,2019-10-08T00:00:00Z,2019-10-08T12:35:00Z,1,B_Sel06,SRP151593,Dry,Fresh,
SRR10245318,AMPLICON,600,31642765,PRJNA477349,SAMN12986769,Metagenome or environmental,22536574,THE PENNSYLVANIA STATE UNIVERSITY,2017-07-18,public,"sra,fastq",s3,s3.us-east-1,SRX6963881,Tanzania,Africa,Tanzania: Selous Ecosystem,Bos,Illumina MiSeq,Cattle_4,9.0000 S 37.5000 E,B_Sel05,PAIRED,PCR,METAGENOMIC,food metagenome,ILLUMINA,2019-10-08T00:00:00Z,2019-10-08T12:35:00Z,1,B_Sel05,SRP151593,Dry,Fresh,
SRR10245319,AMPLICON,600,121674305,PRJNA477349,SAMN12986733,Metagenome or environmental,67162237,THE PENNSYLVANIA STATE UNIVERSITY,2018-12-14,public,"sra,fastq",s3,s3.us-east-1,SRX6963880,Tanzania,Africa,Tanzania: The Greater Serengeti Ecosystem,Equus burchellii quagga,Illumina MiSeq,Zebra_1,2.1540 S 34.6857 E,A_Ser01,PAIRED,PCR,METAGENOMIC,food metagenome,ILLUMINA,2019-10-08T00:00:00Z,2019-10-08T12:35:00Z,1,A_Ser01,SRP151593,Rainy,Processed,
SRR10245320,AMPLICON,600,142037064,PRJNA477349,SAMN12986768,Metagenome or environmental,76260298,THE PENNSYLVANIA STATE UNIVERSITY,2017-08-30,public,"fastq,sra",s3,s3.us-east-1,SRX6963879,Tanzania,Africa,Tanzania: Selous Ecosystem,Bos,Illumina MiSeq,Cattle_3,9.0000 S 37.5000 E,B_Sel04,PAIRED,PCR,METAGENOMIC,food metagenome,ILLUMINA,2019-10-08T00:00:00Z,2019-10-08T12:35:00Z,1,B_Sel04,SRP151593,Dry,Fresh,
SRR10245321,AMPLICON,600,169655534,PRJNA477349,SAMN12986767,Metagenome or environmental,104163685,THE PENNSYLVANIA STATE UNIVERSITY,2017-09-30,public,"sra,fastq",s3,s3.us-east-1,SRX6963878,Tanzania,Africa,Tanzania: Selous Ecosystem,Bos,Illumina MiSeq,Cattle_2,9.0000 S 37.5000 E,B_Sel03,PAIRED,PCR,METAGENOMIC,food metagenome,ILLUMINA,2019-10-08T00:00:00Z,2019-10-08T12:35:00Z,1,B_Sel03,SRP151593,Dry,Fresh,
SRR10245322,AMPLICON,600,110290914,PRJNA477349,SAMN12986766,Metagenome or environmental,63984818,THE PENNSYLVANIA STATE UNIVERSITY,2017-09-21,public,"sra,fastq",s3,s3.us-east-1,SRX6963877,Tanzania,Africa,Tanzania: Selous Ecosystem,Bos,Illumina MiSeq,Cattle_1,9.0000 S 37.5000 E,B_Sel02,PAIRED,PCR,METAGENOMIC,food metagenome,ILLUMINA,2019-10-08T00:00:00Z,2019-10-08T12:35:00Z,1,B_Sel02,SRP151593,Dry,Fresh,
SRR10245323,AMPLICON,600,27688395,PRJNA477349,SAMN12986765,Metagenome or environmental,14738433,THE PENNSYLVANIA STATE UNIVERSITY,2017-05-22,public,"sra,fastq",s3,s3.us-east-1,SRX6963876,Tanzania,Africa,Tanzania: Selous Ecosystem,Connochaetes taurinus,Illumina MiSeq,Wildebeest_11,9.0000 S 37.5000 E,B_Sel01,PAIRED,PCR,METAGENOMIC,food metagenome,ILLUMINA,2019-10-08T00:00:00Z,2019-10-08T12:35:00Z,1,B_Sel01,SRP151593,Rainy,Processed,
SRR10245324,AMPLICON,600,175572215,PRJNA477349,SAMN12986764,Metagenome or environmental,121215009,THE PENNSYLVANIA STATE UNIVERSITY,2017-08-17,public,"fastq,sra",s3,s3.us-east-1,SRX6963875,Tanzania,Africa,Tanzania: Ruaha Ecosystem,Madoqua,Illumina MiSeq,Dikdik_18,7.3860 S 34.9563 E,B_R18,PAIRED,PCR,METAGENOMIC,food metagenome,ILLUMINA,2019-10-08T00:00:00Z,2019-10-08T12:35:00Z,1,B_R18,SRP151593,Dry,Fresh,
SRR10245325,AMPLICON,600,202819933,PRJNA477349,SAMN12986763,Metagenome or environmental,140290286,THE PENNSYLVANIA STATE UNIVERSITY,2017-08-12,public,"fastq,sra",s3,s3.us-east-1,SRX6963874,Tanzania,Africa,Tanzania: Ruaha Ecosystem,Madoqua,Illumina MiSeq,Dikdik_17,7.3860 S 34.9563 E,B_R17,PAIRED,PCR,METAGENOMIC,food metagenome,ILLUMINA,2019-10-08T00:00:00Z,2019-10-08T12:35:00Z,1,B_R17,SRP151593,Dry,Fresh,
SRR10245326,AMPLICON,600,204401711,PRJNA477349,SAMN12986762,Metagenome or environmental,140223766,THE PENNSYLVANIA STATE UNIVERSITY,2017-08-06,public,"sra,fastq",s3,s3.us-east-1,SRX6963873,Tanzania,Africa,Tanzania: Ruaha Ecosystem,Madoqua,Illumina MiSeq,Dikdik_16,7.3860 S 34.9563 E,B_R16,PAIRED,PCR,METAGENOMIC,food metagenome,ILLUMINA,2019-10-08T00:00:00Z,2019-10-08T12:35:00Z,1,B_R16,SRP151593,Dry,Fresh,
SRR10245327,AMPLICON,600,247776437,PRJNA477349,SAMN12986761,Metagenome or environmental,169963216,THE PENNSYLVANIA STATE UNIVERSITY,2017-08-18,public,"fastq,sra",s3,s3.us-east-1,SRX6963872,Tanzania,Africa,Tanzania: Ruaha Ecosystem,Madoqua,Illumina MiSeq,Dikdik_15,7.3860 S 34.9563 E,B_R15,PAIRED,PCR,METAGENOMIC,food metagenome,ILLUMINA,2019-10-08T00:00:00Z,2019-10-08T12:35:00Z,1,B_R15,SRP151593,Dry,Fresh,
SRR10245328,AMPLICON,600,38333428,PRJNA477349,SAMN12986760,Metagenome or environmental,26009974,THE PENNSYLVANIA STATE UNIVERSITY,2017-08-06,public,"fastq,sra",s3,s3.us-east-1,SRX6963871,Tanzania,Africa,Tanzania: Ruaha Ecosystem,Madoqua,Illumina MiSeq,Dikdik_14,7.3860 S 34.9563 E,B_R14,PAIRED,PCR,METAGENOMIC,food metagenome,ILLUMINA,2019-10-08T00:00:00Z,2019-10-08T12:35:00Z,1,B_R14,SRP151593,Dry,Fresh,
SRR10245329,AMPLICON,600,173615294,PRJNA477349,SAMN12986759,Metagenome or environmental,119412241,THE PENNSYLVANIA STATE UNIVERSITY,2017-08-11,public,"fastq,sra",s3,s3.us-east-1,SRX6963870,Tanzania,Africa,Tanzania: Ruaha Ecosystem,Madoqua,Illumina MiSeq,Dikdik_13,7.3860 S 34.9563 E,B_R13,PAIRED,PCR,METAGENOMIC,food metagenome,ILLUMINA,2019-10-08T00:00:00Z,2019-10-08T12:35:00Z,1,B_R13,SRP151593,Dry,Fresh,
SRR10245330,AMPLICON,600,265408834,PRJNA477349,SAMN12986732,Metagenome or environmental,181902661,THE PENNSYLVANIA STATE UNIVERSITY,2017-02-04,public,"fastq,sra",s3,s3.us-east-1,SRX6963869,Tanzania,Africa,Tanzania: Selous Ecosystem,Aepyceros melampus,Illumina MiSeq,Impala_1,9.0000 S 37.5000 E,A_Sel03,PAIRED,PCR,METAGENOMIC,food metagenome,ILLUMINA,2019-10-08T00:00:00Z,2019-10-08T12:36:00Z,1,A_Sel03,SRP151593,Dry,Processed,
SRR10245331,AMPLICON,601,169298009,PRJNA477349,SAMN12986758,Metagenome or environmental,100885241,THE PENNSYLVANIA STATE UNIVERSITY,2017-08-01,public,"sra,fastq",s3,s3.us-east-1,SRX6963868,Tanzania,Africa,Tanzania: Ruaha Ecosystem,Madoqua,Illumina MiSeq,Dikdik_12,7.3860 S 34.9563 E,B_R12,PAIRED,PCR,METAGENOMIC,food metagenome,ILLUMINA,2019-10-08T00:00:00Z,2019-10-08T12:35:00Z,1,B_R12,SRP151593,Dry,Fresh,
SRR10245332,AMPLICON,600,103336374,PRJNA477349,SAMN12986757,Metagenome or environmental,60882955,THE PENNSYLVANIA STATE UNIVERSITY,2017-08-23,public,"sra,fastq",s3,s3.us-east-1,SRX6963867,Tanzania,Africa,Tanzania: Ruaha Ecosystem,Madoqua,Illumina MiSeq,Dikdik_11,7.3860 S 34.9563 E,B_R11,PAIRED,PCR,METAGENOMIC,food metagenome,ILLUMINA,2019-10-08T00:00:00Z,2019-10-08T12:35:00Z,1,B_R11,SRP151593,Dry,Fresh,
SRR10245333,AMPLICON,601,168525082,PRJNA477349,SAMN12986756,Metagenome or environmental,85506567,THE PENNSYLVANIA STATE UNIVERSITY,2017-08-11,public,"sra,fastq",s3,s3.us-east-1,SRX6963866,Tanzania,Africa,Tanzania: Ruaha Ecosystem,Madoqua,Illumina MiSeq,Dikdik_10,7.3860 S 34.9563 E,B_R10,PAIRED,PCR,METAGENOMIC,food metagenome,ILLUMINA,2019-10-08T00:00:00Z,2019-10-08T12:35:00Z,1,B_R10,SRP151593,Dry,Fresh,
SRR10245334,AMPLICON,600,144602211,PRJNA477349,SAMN12986755,Metagenome or environmental,78965623,THE PENNSYLVANIA STATE UNIVERSITY,2017-08-20,public,"sra,fastq",s3,s3.us-east-1,SRX6963865,Tanzania,Africa,Tanzania: Ruaha Ecosystem,Madoqua,Illumina MiSeq,Dikdik_9,7.3860 S 34.9563 E,B_R09,PAIRED,PCR,METAGENOMIC,food metagenome,ILLUMINA,2019-10-08T00:00:00Z,2019-10-08T12:35:00Z,1,B_R09,SRP151593,Dry,Fresh,
SRR10245335,AMPLICON,601,135470157,PRJNA477349,SAMN12986754,Metagenome or environmental,78996577,THE PENNSYLVANIA STATE UNIVERSITY,2017-08-10,public,"sra,fastq",s3,s3.us-east-1,SRX6963864,Tanzania,Africa,Tanzania: Ruaha Ecosystem,Madoqua,Illumina MiSeq,Dikdik_8,7.3860 S 34.9563 E,B_R08,PAIRED,PCR,METAGENOMIC,food metagenome,ILLUMINA,2019-10-08T00:00:00Z,2019-10-08T12:35:00Z,1,B_R08,SRP151593,Dry,Fresh,
SRR10245336,AMPLICON,601,186634887,PRJNA477349,SAMN12986753,Metagenome or environmental,106243639,THE PENNSYLVANIA STATE UNIVERSITY,2017-07-27,public,"sra,fastq",s3,s3.us-east-1,SRX6963863,Tanzania,Africa,Tanzania: Ruaha Ecosystem,Madoqua,Illumina MiSeq,Dikdik_7,7.3860 S 34.9563 E,B_R07,PAIRED,PCR,METAGENOMIC,food metagenome,ILLUMINA,2019-10-08T00:00:00Z,2019-10-08T12:35:00Z,1,B_R07,SRP151593,Dry,Fresh,
SRR10245337,AMPLICON,601,162046193,PRJNA477349,SAMN12986752,Metagenome or environmental,86348420,THE PENNSYLVANIA STATE UNIVERSITY,2017-08-21,public,"sra,fastq",s3,s3.us-east-1,SRX6963862,Tanzania,Africa,Tanzania: Ruaha Ecosystem,Madoqua,Illumina MiSeq,Dikdik_6,7.3860 S 34.9563 E,B_R06,PAIRED,PCR,METAGENOMIC,food metagenome,ILLUMINA,2019-10-08T00:00:00Z,2019-10-08T12:35:00Z,1,B_R06,SRP151593,Dry,Fresh,
SRR10245338,AMPLICON,600,21645200,PRJNA477349,SAMN12986751,Metagenome or environmental,11338407,THE PENNSYLVANIA STATE UNIVERSITY,2017-07-30,public,"fastq,sra",s3,s3.us-east-1,SRX6963861,Tanzania,Africa,Tanzania: Ruaha Ecosystem,Madoqua,Illumina MiSeq,Dikdik_5,7.3860 S 34.9563 E,B_R05,PAIRED,PCR,METAGENOMIC,food metagenome,ILLUMINA,2019-10-08T00:00:00Z,2019-10-08T12:35:00Z,1,B_R05,SRP151593,Dry,Fresh,
SRR10245339,AMPLICON,601,198394487,PRJNA477349,SAMN12986750,Metagenome or environmental,118375075,THE PENNSYLVANIA STATE UNIVERSITY,2017-08-17,public,"sra,fastq",s3,s3.us-east-1,SRX6963860,Tanzania,Africa,Tanzania: Ruaha Ecosystem,Madoqua,Illumina MiSeq,Dikdik_4,7.3860 S 34.9563 E,B_R04,PAIRED,PCR,METAGENOMIC,food metagenome,ILLUMINA,2019-10-08T00:00:00Z,2019-10-08T12:35:00Z,1,B_R04,SRP151593,Dry,Fresh,
SRR10245340,AMPLICON,601,130627707,PRJNA477349,SAMN12986749,Metagenome or environmental,76639269,THE PENNSYLVANIA STATE UNIVERSITY,2017-08-01,public,"fastq,sra",s3,s3.us-east-1,SRX6963859,Tanzania,Africa,Tanzania: Ruaha Ecosystem,Syncerus caffer,Illumina MiSeq,Buffalo_2,7.3860 S 34.9563 E,B_R03,PAIRED,PCR,METAGENOMIC,food metagenome,ILLUMINA,2019-10-08T00:00:00Z,2019-10-08T12:35:00Z,1,B_R03,SRP151593,Dry,Fresh,
SRR10245341,AMPLICON,597,218143940,PRJNA477349,SAMN12986731,Metagenome or environmental,151991386,THE PENNSYLVANIA STATE UNIVERSITY,2018-06-25,public,"fastq,sra",s3,s3.us-east-1,SRX6963858,Tanzania,Africa,Tanzania: Selous Ecosystem,Hippopotamus amphibius,Illumina MiSeq,Hippo_1,9.0000 S 37.5000 E,A_Sel02,PAIRED,PCR,METAGENOMIC,food metagenome,ILLUMINA,2019-10-08T00:00:00Z,2019-10-08T12:35:00Z,1,A_Sel02,SRP151593,Rainy,Fresh,
SRR10245342,AMPLICON,600,144964806,PRJNA477349,SAMN12986748,Metagenome or environmental,83882478,THE PENNSYLVANIA STATE UNIVERSITY,2017-07-30,public,"sra,fastq",s3,s3.us-east-1,SRX6963857,Tanzania,Africa,Tanzania: Ruaha Ecosystem,Madoqua,Illumina MiSeq,Dikdik_3,7.3860 S 34.9563 E,B_R02,PAIRED,PCR,METAGENOMIC,food metagenome,ILLUMINA,2019-10-08T00:00:00Z,2019-10-08T12:35:00Z,1,B_R02,SRP151593,Dry,Fresh,
SRR10245343,AMPLICON,601,129594850,PRJNA477349,SAMN12986747,Metagenome or environmental,68768485,THE PENNSYLVANIA STATE UNIVERSITY,2017-08-06,public,"sra,fastq",s3,s3.us-east-1,SRX6963856,Tanzania,Africa,Tanzania: Ruaha Ecosystem,Madoqua,Illumina MiSeq,Dikdik_2,7.3860 S 34.9563 E,B_R01,PAIRED,PCR,METAGENOMIC,food metagenome,ILLUMINA,2019-10-08T00:00:00Z,2019-10-08T12:35:00Z,1,B_R01,SRP151593,Dry,Fresh,
SRR10245344,AMPLICON,597,154318388,PRJNA477349,SAMN12986746,Metagenome or environmental,105093575,THE PENNSYLVANIA STATE UNIVERSITY,2017-03-01,public,"fastq,sra",s3,s3.us-east-1,SRX6963855,Tanzania,Africa,Tanzania: The Greater Serengeti Ecosystem,Connochaetes taurinus,Illumina MiSeq,Wildebeest_10,2.1540 S 34.6857 E,A_Ser14,PAIRED,PCR,METAGENOMIC,food metagenome,ILLUMINA,2019-10-08T00:00:00Z,2019-10-08T12:36:00Z,1,A_Ser14,SRP151593,Rainy,Fresh,
SRR10245345,AMPLICON,598,218845158,PRJNA477349,SAMN12986745,Metagenome or environmental,150529298,THE PENNSYLVANIA STATE UNIVERSITY,2017-03-02,public,"fastq,sra",s3,s3.us-east-1,SRX6963854,Tanzania,Africa,Tanzania: The Greater Serengeti Ecosystem,Connochaetes taurinus,Illumina MiSeq,Wildebeest_9,2.1540 S 34.6857 E,A_Ser13,PAIRED,PCR,METAGENOMIC,food metagenome,ILLUMINA,2019-10-08T00:00:00Z,2019-10-08T12:36:00Z,1,A_Ser13,SRP151593,Rainy,Fresh,
SRR10245346,AMPLICON,595,159071575,PRJNA477349,SAMN12986744,Metagenome or environmental,108815312,THE PENNSYLVANIA STATE UNIVERSITY,2017-03-04,public,"sra,fastq",s3,s3.us-east-1,SRX6963853,Tanzania,Africa,Tanzania: The Greater Serengeti Ecosystem,Connochaetes taurinus,Illumina MiSeq,Wildebeest_8,2.1540 S 34.6857 E,A_Ser12,PAIRED,PCR,METAGENOMIC,food metagenome,ILLUMINA,2019-10-08T00:00:00Z,2019-10-08T12:35:00Z,1,A_Ser12,SRP151593,Rainy,Fresh,
SRR10245347,AMPLICON,597,169425435,PRJNA477349,SAMN12986743,Metagenome or environmental,118401166,THE PENNSYLVANIA STATE UNIVERSITY,2017-03-07,public,"sra,fastq",s3,s3.us-east-1,SRX6963852,Tanzania,Africa,Tanzania: The Greater Serengeti Ecosystem,Syncerus caffer,Illumina MiSeq,Buffalo_1,2.1540 S 34.6857 E,A_Ser11,PAIRED,PCR,METAGENOMIC,food metagenome,ILLUMINA,2019-10-08T00:00:00Z,2019-10-08T12:36:00Z,1,A_Ser11,SRP151593,Rainy,Fresh,
SRR10245348,AMPLICON,599,153215858,PRJNA477349,SAMN12986742,Metagenome or environmental,103831606,THE PENNSYLVANIA STATE UNIVERSITY,2017-03-10,public,"fastq,sra",s3,s3.us-east-1,SRX6963851,Tanzania,Africa,Tanzania: The Greater Serengeti Ecosystem,Connochaetes taurinus,Illumina MiSeq,Wildebeest_7,2.1540 S 34.6857 E,A_Ser10,PAIRED,PCR,METAGENOMIC,food metagenome,ILLUMINA,2019-10-08T00:00:00Z,2019-10-08T12:36:00Z,1,A_Ser10,SRP151593,Rainy,Fresh,
SRR10245349,AMPLICON,597,175017315,PRJNA477349,SAMN12986741,Metagenome or environmental,118790877,THE PENNSYLVANIA STATE UNIVERSITY,2017-03-10,public,"sra,fastq",s3,s3.us-east-1,SRX6963850,Tanzania,Africa,Tanzania: The Greater Serengeti Ecosystem,Connochaetes taurinus,Illumina MiSeq,Wildebeest_6,2.1540 S 34.6857 E,A_Ser09,PAIRED,PCR,METAGENOMIC,food metagenome,ILLUMINA,2019-10-08T00:00:00Z,2019-10-08T12:36:00Z,1,A_Ser09,SRP151593,Rainy,Fresh,
SRR10245350,AMPLICON,594,249748344,PRJNA477349,SAMN12986740,Metagenome or environmental,170954844,THE PENNSYLVANIA STATE UNIVERSITY,2017-03-13,public,"fastq,sra",s3,s3.us-east-1,SRX6963849,Tanzania,Africa,Tanzania: The Greater Serengeti Ecosystem,Connochaetes taurinus,Illumina MiSeq,Wildebeest_5,2.1540 S 34.6857 E,A_Ser08,PAIRED,PCR,METAGENOMIC,food metagenome,ILLUMINA,2019-10-08T00:00:00Z,2019-10-08T12:36:00Z,1,A_Ser08,SRP151593,Rainy,Fresh,
SRR10245351,AMPLICON,597,151251130,PRJNA477349,SAMN12986739,Metagenome or environmental,102377620,THE PENNSYLVANIA STATE UNIVERSITY,2017-03-14,public,"fastq,sra",s3,s3.us-east-1,SRX6963848,Tanzania,Africa,Tanzania: The Greater Serengeti Ecosystem,Connochaetes taurinus,Illumina MiSeq,Wildebeest_4,2.1540 S 34.6857 E,A_Ser07,PAIRED,PCR,METAGENOMIC,food metagenome,ILLUMINA,2019-10-08T00:00:00Z,2019-10-08T12:36:00Z,1,A_Ser07,SRP151593,Rainy,Fresh,
SRR10245352,AMPLICON,600,316807915,PRJNA477349,SAMN12986730,Metagenome or environmental,186506024,THE PENNSYLVANIA STATE UNIVERSITY,2017-11-06,public,"sra,fastq",s3,s3.us-east-1,SRX6963847,Tanzania,Africa,Tanzania: Selous Ecosystem,Lepus,Illumina MiSeq,Hare_1,9.0000 S 37.5000 E,A_Sel01,PAIRED,PCR,METAGENOMIC,food metagenome,ILLUMINA,2019-10-08T00:00:00Z,2019-10-08T12:36:00Z,1,A_Sel01,SRP151593,Rainy,Fresh,
SRR10245353,AMPLICON,601,184258891,PRJNA477349,SAMN12986729,Metagenome or environmental,129184396,THE PENNSYLVANIA STATE UNIVERSITY,2017-08-16,public,"sra,fastq",s3,s3.us-east-1,SRX6963846,Tanzania,Africa,Tanzania: Ruaha Ecosystem,Madoqua,Illumina MiSeq,Dikdik_1,7.3860 S 34.9563 E,A_R01,PAIRED,PCR,METAGENOMIC,food metagenome,ILLUMINA,2019-10-08T00:00:00Z,2019-10-08T12:35:00Z,1,A_R01,SRP151593,Dry,Fresh,
